Workbook

Sheet 안내
A1: 마이크로인버터 V1200 측정 대장 — 사용 안내
A3: 1. 시트 구성
A4: 측정대장 | B4: 31개 제품시험 항목의 기준값·실측값·판정 기록. 주 작업 시트
A5: 효율측정 | B5: IEC 61683 / EN 50530 출력레벨별 효율 및 EU·CEC 가중효율 자동 산출
A6: 시험이력 | B6: 시험 세션별 조건 기록 (시료 S/N, 펌웨어 버전, 주위환경, 계측기 교정일)
A7: 요약 | B7: 결함구분별 판정 집계
A9: 2. 입력 규칙
A10: 노란색 칸 | B10: 사용자가 입력하는 칸 — 기준값 / 실측값 / 기능판정 / 비고
A11: 파란 글씨 | B11: 입력값 (하드코딩)
A12: 검정 글씨 | B12: 수식 자동 계산 — 덮어쓰지 마십시오
A14: 3. 판정방향 코드
A15: 이상 | B15: 실측값이 기준값 이상이면 합격 (예: 절연저항, 효율, MPPT)
A16: 이하 | B16: 실측값이 기준값 이하이면 합격 (예: THD, 누설전류, DC분, 트립시간)
A17: 양부 | B17: 수치 판정이 아닌 항목 — '기능판정' 칸에 합격/불합격 직접 입력
A19: 4. 입력 예시 (아래는 형식 예시일 뿐, 실제 기준값이 아닙니다)
A20: 번호 | B20: 검사항목 | C20: 판정방향 | D20: 기준값 | E20: 실측값 | F20: 기능판정 | G20: 마진 | H20: 최종판정
A21: 11 | B21: 교류 출력전류 변형률 | C21: 이하 | D21: 5 | E21: 3.2 | G21: 0.36 | H21: 합격
A22: 2 | B22: 절연저항 | C22: 이상 | D22: 1 | E22: 120 | G22: 119 | H22: 합격
A23: 22 | B23: 출력측 단락 | C23: 양부 | F23: 합격 | H23: 합격
A25: ※ 예시의 기준값(THD 5 %, 절연저항 1 MΩ)은 KS C 8560:2020 원문 값이며, 실측값은 가상의 예시입니다.
A27: 5. 채우려면 필요한 자료
A28: • KS인증심사기준 본문 (시험조건·판정기준) → '기준값' 칸 전체
A29: • 기존 시험성적서 → '실측값' 칸, 현재 마진 산출
A30: • 보유 계측기 목록·교정성적서 → 측정 불확도 적합성 판정
A31: • V1200 정격 사양 → 정격 의존 항목의 절대 한계값 (예: 18번 DC분 mA 환산)

Sheet 측정대장
A1: 마이크로인버터 V1200 — 제품시험 측정 대장 (31항목)
A2: 노란색 칸만 입력하십시오 (기준값 / 실측값 / 기능판정). 마진·최종판정은 자동 계산됩니다. 기준값·L열은 KS C 8560:2020 원문으로 채웠습니다(2026-09-29). 5번 기준값은 OVC III 강화절연 가정입니다.
A4: 번호 | B4: 검사항목 | C4: 결함구분 | D4: 측정량 | E4: 단위 | F4: 판정방향 | G4: 기준값 | H4: 실측값 | I4: 기능판정 | J4: 마진 | K4: 최종판정 | L4: KS C 8560:2020 기준 (원문) | M4: 측정조건 | N4: 계측기 | O4: 비고
A5: 1 | B5: 구조 시험 | C5: 경결함 | D5: 외관·치수·질량·표시사항 | E5: mm / kg / 양부 | F5: 양부 | J5: =IFERROR(IF($F5="이하",($G5-$H5)/$G5,IF($F5="이상",($H5-$G5)/$G5,"")),"") | K5: =IF($F5="양부",IF($I5="","",$I5),IF(OR($G5="",$H5=""),"",IF($F5="이하",IF($H5<=$G5,"합격","불합격"),IF($F5="이상",IF($H5>=$G5,"합격","불합격"),"")))) | L5: KS C 8536 9절 a)b)c)d) 구조 + 출력 전력·전압·전류 표시 오차 3 % 이내 (8.2.2) | M5: 도면·사양서 대조 | N5: 캘리퍼스, 저울, 육안
A6: 2 | B6: 절연저항 시험 | C6: 치명결함 | D6: 절연저항 | E6: MΩ | F6: 이상 | G6: 1 | J6: =IFERROR(IF($F6="이하",($G6-$H6)/$G6,IF($F6="이상",($H6-$G6)/$G6,"")),"") -> -1 | K6: =IF($F6="양부",IF($I6="","",$I6),IF(OR($G6="",$H6=""),"",IF($F6="이하",IF($H6<=$G6,"합격","불합격"),IF($F6="이상",IF($H6>=$G6,"합격","불합격"),"")))) | L6: 정격 300 V 미만 DC 500 V(300~600 V는 1 000 V) 메거, 1 MΩ 이상 (8.3.1). 바리스터·Y-CAP·서지보호부품 제거 가능 | M6: DC 500V 인가. 개소: PV-외함 / AC-외함 / PV-AC | N6: 절연저항계(메거)
A7: 3 | B7: 내전압 시험 | C7: 치명결함 | D7: 절연파괴·섬락 유무 | E7: 양부 (mA) | F7: 양부 | J7: =IFERROR(IF($F7="이하",($G7-$H7)/$G7,IF($F7="이상",($H7-$G7)/$G7,"")),"") | K7: =IF($F7="양부",IF($I7="","",$I7),IF(OR($G7="",$H7=""),"",IF($F7="이하",IF($H7<=$G7,"합격","불합격"),IF($F7="이상",IF($H7>=$G7,"합격","불합격"),"")))) | L7: 입력: (최대개방전압 + 1 200) Vrms, 출력: (동작전압 + 1 200) Vrms, 상용주파 1분 — 운전 성능 이상 없을 것 (8.3.2) | M7: 규정 AC전압 1분간. 개소 2번과 동일 | N7: 내전압시험기(Hi-pot) | O7: V2000 설계검토: V1 0.2 mm 간극에 약 0.5 kVrms 분압 추정 — 여유 없음
A8: 4 | B8: 감전 보호 시험 | C8: 치명결함 | D8: 접촉전류 / 보호도체전류 / 접지연속성 / 잔류전압 | E8: mA / mΩ / V | F8: 양부 | J8: =IFERROR(IF($F8="이하",($G8-$H8)/$G8,IF($F8="이상",($H8-$G8)/$G8,"")),"") | K8: =IF($F8="양부",IF($I8="","",$I8),IF(OR($G8="",$H8=""),"",IF($F8="이하",IF($H8<=$G8,"합격","불합격"),IF($F8="이상",IF($H8>=$G8,"합격","불합격"),"")))) | L8: KS C IEC 61032 시험손가락(30 N)·핀: 25 Vac / 60 Vdc 이상 충전부 비접촉, IP2X 이상. 실내 IP20·실외 IP44 (8.3.3) | M8: 정격운전, 최악 전압조건 | N8: IEC 60990 측정망, 접지연속성시험기, 오실로스코프 | O8: V2000 설계검토: 제어측 대지전위 약 21~119 Vac 부유(계산)
A9: 5 | B9: 절연거리 시험 | C9: 치명결함 | D9: 공간거리 / 연면거리 | E9: mm | F9: 이상 | G9: 5.5 | J9: =IFERROR(IF($F9="이하",($G9-$H9)/$G9,IF($F9="이상",($H9-$G9)/$G9,"")),"") -> -1 | K9: =IF($F9="양부",IF($I9="","",$I9),IF(OR($G9="",$H9=""),"",IF($F9="이하",IF($H9<=$G9,"합격","불합격"),IF($F9="이상",IF($H9>=$G9,"합격","불합격"),"")))) | L9: 표 4 공간거리·표 5 연면거리 (8.3.4). 기준값 5.5 mm = 제어↔계통 강화절연·OVC III 가정 (OVC II면 3.0 mm). 계통↔PE 기초 3.0 mm | M9: 최악조건(부품공차·조립편차 누적). 배리어별 | N9: 측정현미경, 게이지, 3D측정기 | O9: V2000 설계검토: 최소 0.20 mm(BOTTOM)·0.70 mm(TOP) → 부적합
A10: 6 | B10: 출력 과전압 및 부족전압 보호 기능 시험 | C10: 치명결함 | D10: 동작 정정치 / 트립시간 | E10: V(%) / s | F10: 양부 | J10: =IFERROR(IF($F10="이하",($G10-$H10)/$G10,IF($F10="이상",($H10-$G10)/$G10,"")),"") | K10: =IF($F10="양부",IF($I10="","",$I10),IF(OR($G10="",$H10=""),"",IF($F10="이하",IF($H10<=$G10,"합격","불합격"),IF($F10="이상",IF($H10>=$G10,"합격","불합격"),"")))) | L10: 정정: 과전압 +10 %, 부족전압 −12 % (허용 ±2 %). 표 6: V<50 % 0.16 s / 50≤V<88 % 2.00 s / 110<V<120 % 1.00 s / V≥120 % 0.16 s (8.4.1.2) | M10: 계통시뮬레이터 전압 스텝. 구간별 | N10: 프로그래머블 AC소스, 오실로스코프
A11: 7 | B11: 주파수상승 및 저하 보호 기능 시험 | C11: 중결함 | D11: 동작 정정치 / 트립시간 | E11: Hz / s | F11: 양부 | J11: =IFERROR(IF($F11="이하",($G11-$H11)/$G11,IF($F11="이상",($H11-$G11)/$G11,"")),"") | K11: =IF($F11="양부",IF($I11="","",$I11),IF(OR($G11="",$H11=""),"",IF($F11="이하",IF($H11<=$G11,"합격","불합격"),IF($F11="이상",IF($H11>=$G11,"합격","불합격"),"")))) | L11: 정정: +0.5 Hz / −0.7 Hz (허용 ±0.05 Hz). 표 7: >60.5 Hz·<59.3 Hz 0.16 s 이내 (8.4.2.2) | M11: 계통시뮬레이터 주파수 스텝. 299초 지연 시 시험시간 급증 | N11: 프로그래머블 AC소스, 오실로스코프
A12: 8 | B12: 단독운전 방지 기능 시험 | C12: 치명결함 | D12: 단독운전 검출시간 | E12: s | F12: 이하 | G12: 0.5 | J12: =IFERROR(IF($F12="이하",($G12-$H12)/$G12,IF($F12="이상",($H12-$G12)/$G12,"")),"") -> 1 | K12: =IF($F12="양부",IF($I12="","",$I12),IF(OR($G12="",$H12=""),"",IF($F12="이하",IF($H12<=$G12,"합격","불합격"),IF($F12="이상",IF($H12>=$G12,"합격","불합격"),"")))) | L12: Qf = 1, 표 8 병렬운전(총 3 kW), 표 9~11 조건. 0.5 s 이내 개폐기 개방 또는 게이트 블록 (8.4.3.2) | M12: IEC 62116 RLC 병렬공진부하 Q≈1.0. 출력레벨×무효전력 스윕 | N12: RLC 부하뱅크, 계통시뮬레이터, 오실로스코프 | O12: 표 8은 정격 400 W까지만 대수 규정 — 초과 시 협의
A13: 9 | B13: 복전 후 일정 시간 투입 방지 기능 시험 | C13: 중결함 | D13: 재연계 지연시간 | E13: s | F13: 이상 | G13: 300 | J13: =IFERROR(IF($F13="이하",($G13-$H13)/$G13,IF($F13="이상",($H13-$G13)/$G13,"")),"") -> -1 | K13: =IF($F13="양부",IF($I13="","",$I13),IF(OR($G13="",$H13=""),"",IF($F13="이하",IF($H13<=$G13,"합격","불합격"),IF($F13="이상",IF($H13>=$G13,"합격","불합격"),"")))) | L13: 정전 10 s 후 복전 — 5분(300 s) 이상 재운전하지 않을 것 (8.4.4.2) | M13: 계통 정상복구 시점부터 계측 | N13: 데이터로거
A14: 10 | B14: 교류 전압, 주파수 추종범위 시험 | C14: 중결함 | D14: 정상운전 유지 전압·주파수 범위 | E14: V / Hz | F14: 양부 | J14: =IFERROR(IF($F14="이하",($G14-$H14)/$G14,IF($F14="이상",($H14-$G14)/$G14,"")),"") | K14: =IF($F14="양부",IF($I14="","",$I14),IF(OR($G14="",$H14=""),"",IF($F14="이하",IF($H14<=$G14,"합격","불합격"),IF($F14="이상",IF($H14>=$G14,"합격","불합격"),"")))) | L14: +8 % / −10 %, 60.45 / 59.35 Hz에서 안정 운전, 종합 THD 5 %·차수별 3 %, 역률 0.95 이상 (8.5.1.2) | M14: 계통시뮬레이터 ramp 변화로 경계 탐색 | N14: 프로그래머블 AC소스, 전력분석기 | O14: 정격 >700 W면 −10 %에서 출력전류 센싱(±5 A) 초과
A15: 11 | B15: 교류 출력전류 변형률 시험 | C15: 중결함 | D15: 종합 THD / 차수별 고조파 | E15: % | F15: 이하 | G15: 5 | J15: =IFERROR(IF($F15="이하",($G15-$H15)/$G15,IF($F15="이상",($H15-$G15)/$G15,"")),"") -> 1 | K15: =IF($F15="양부",IF($I15="","",$I15),IF(OR($G15="",$H15=""),"",IF($F15="이하",IF($H15<=$G15,"합격","불합격"),IF($F15="이상",IF($H15>=$G15,"합격","불합격"),"")))) | L15: 2~40차, 단상 기준 임피던스 (0.4+j0.25) Ω. 종합 5 % 이내·각 차수 3 % 이내 (8.5.2.2) | M15: 출력레벨별(경부하 필수). 저왜율 기준전원 사용 | N15: 전력분석기(고조파), 저왜율 AC소스
A16: 12 | B16: 누설전류 시험 | C16: 치명결함 | D16: 접촉전류 / 보호도체전류 | E16: mA | F16: 이하 | G16: 5 | J16: =IFERROR(IF($F16="이하",($G16-$H16)/$G16,IF($F16="이상",($H16-$G16)/$G16,"")),"") -> 1 | K16: =IF($F16="양부",IF($I16="","",$I16),IF(OR($G16="",$H16=""),"",IF($F16="이하",IF($H16<=$G16,"합격","불합격"),IF($F16="이상",IF($H16>=$G16,"합격","불합격"),"")))) | L16: KS C IEC 60990 그림 4 회로, 기체↔대지 누설전류 5 mA 이하 (8.5.3.2) | M16: 정격운전, 최악조건(전압상한·극성반전) | N16: IEC 60990 측정망 | O16: V2000 설계검토: 계산 0.55~0.85 mA
A17: 13 | B17: 온도 상승 시험 | C17: 중결함 | D17: 부위별 온도상승 | E17: K (°C) | F17: 양부 | J17: =IFERROR(IF($F17="이하",($G17-$H17)/$G17,IF($F17="이상",($H17-$G17)/$G17,"")),"") | K17: =IF($F17="양부",IF($I17="","",$I17),IF(OR($G17="",$H17=""),"",IF($F17="이하",IF($H17<=$G17,"합격","불합격"),IF($F17="이상",IF($H17>=$G17,"합격","불합격"),"")))) | L17: 기준주위 옥내 30±5 ℃ / 옥외 40±5 ℃. 표 12(절연등급)·표 13(전해C 65, 비전해C 90, 외부 결선단자 60, 퓨즈 90, PCB 105, 절연물 90 ℃ — 제조자 정격 있으면 그 값)·표 14 | M17: 정격출력, 열평형 도달 후. 모듈후면 주위온도 기준 | N17: 열전대+데이터로거, 항온조, 저항법
A18: 14 | B18: 효율 시험 | C18: 치명결함 | D18: 변환효율 / 가중효율 | E18: % | F18: 이상 | G18: 90 | J18: =IFERROR(IF($F18="이하",($G18-$H18)/$G18,IF($F18="이상",($H18-$G18)/$G18,"")),"") -> -1 | K18: =IF($F18="양부",IF($I18="","",$I18),IF(OR($G18="",$H18=""),"",IF($F18="이하",IF($H18<=$G18,"합격","불합격"),IF($F18="이상",IF($H18>=$G18,"합격","불합격"),"")))) | L18: EURO 효율 90 % 이상 (독립형 85 %). η_EU = 0.03η5+0.06η10+0.13η20+0.10η30+0.48η50+0.20η100 (8.5.5.2) — '효율측정' 시트 B13 값 입력 | M18: IEC 61683/EN 50530. 입력전압×출력레벨 매트릭스 → '효율측정' 시트 | N18: 고정밀 전력분석기(0.05%급), PV시뮬레이터
A19: 15 | B19: 대기 손실 시험 | C19: 치명결함 | D19: 대기·야간 소비전력 | E19: W | F19: 이하 | G19: 2 | J19: =IFERROR(IF($F19="이하",($G19-$H19)/$G19,IF($F19="이상",($H19-$G19)/$G19,"")),"") -> 1 | K19: =IF($F19="양부",IF($I19="","",$I19),IF(OR($G19="",$H19=""),"",IF($F19="이하",IF($H19<=$G19,"합격","불합격"),IF($F19="이상",IF($H19>=$G19,"합격","불합격"),"")))) | L19: 대기 손실이 정격 출력의 2 % 이하 (KS C 8533, 8.5.6.2) — 실측값은 정격 대비 % 로 입력 | M19: PV입력 차단, AC만 인가, 안정화 후. 통신모듈 상태 명시 | N19: 저전력 측정 전력계(mW 분해능)
A20: 16 | B20: 자동 기동·정지 시험 | C20: 중결함 | D20: 기동/정지 임계, 기동 소요시간 | E20: W / V / s | F20: 양부 | J20: =IFERROR(IF($F20="이하",($G20-$H20)/$G20,IF($F20="이상",($H20-$G20)/$G20,"")),"") | K20: =IF($F20="양부",IF($I20="","",$I20),IF(OR($G20="",$H20=""),"",IF($F20="이하",IF($H20<=$G20,"합격","불합격"),IF($F20="이상",IF($H20>=$G20,"합격","불합격"),"")))) | L20: 기동·정지 절차대로 동작, 채터링 3회 이내 (8.5.7.2) | M20: PV시뮬레이터 입력 증감. 히스테리시스 확인 | N20: PV시뮬레이터, 데이터로거
A21: 17 | B21: 최대 전력 추종 시험 | C21: 치명결함 | D21: 정적 MPPT효율 / 동적 MPPT효율 | E21: % | F21: 이상 | G21: 95 | J21: =IFERROR(IF($F21="이하",($G21-$H21)/$G21,IF($F21="이상",($H21-$G21)/$G21,"")),"") -> -1 | K21: =IF($F21="양부",IF($I21="","",$I21),IF(OR($G21="",$H21=""),"",IF($F21="이하",IF($H21<=$G21,"합격","불합격"),IF($F21="이상",IF($H21>=$G21,"합격","불합격"),"")))) | L21: 등가일사 100/75/50/25/12.5 %에서 MPPT 효율 95 % 이상 (8.5.8.2) | M21: IEC 62891/EN 50530. 동적 램프 프로파일 지원 장비 필수 | N21: PV시뮬레이터(동적), 전력분석기
A22: 18 | B22: 출력전류 직류분 검출 시험 | C22: 치명결함 | D22: 출력전류 DC 성분 | E22: mA (정격 대비 %) | F22: 이하 | G22: 0.5 | J22: =IFERROR(IF($F22="이하",($G22-$H22)/$G22,IF($F22="이상",($H22-$G22)/$G22,"")),"") -> 1 | K22: =IF($F22="양부",IF($I22="","",$I22),IF(OR($G22="",$H22=""),"",IF($F22="이하",IF($H22<=$G22,"합격","불합격"),IF($F22="이상",IF($H22>=$G22,"합격","불합격"),"")))) | L22: 출력전류 직류성분 ≤ 정격전류의 0.5 % (8.5.9.2), 상용주파 변압기 사용 기기 제외 — 실측값은 % 로 입력 | M22: 출력레벨별·온도조건별. 측정 전 오프셋 교정 필수 | N22: DC응답 전류프로브/분류기, 전력분석기
A23: 19 | B23: 입력전력 급변 시험 | C23: 중결함 | D23: 오버슈트 / 정정시간 / 오동작 유무 | E23: % / s / 양부 | F23: 양부 | J23: =IFERROR(IF($F23="이하",($G23-$H23)/$G23,IF($F23="이상",($H23-$G23)/$G23,"")),"") | K23: =IF($F23="양부",IF($I23="","",$I23),IF(OR($G23="",$H23=""),"",IF($F23="이하",IF($H23<=$G23,"합격","불합격"),IF($F23="이상",IF($H23>=$G23,"합격","불합격"),"")))) | L23: 입력전력 50→75 %, 50→25 % (0.1 s 이하 계단, 10 s 유지) 안정 운전 (8.6.1.2) | M23: PV시뮬레이터 입력 스텝(증감 양방향) | N23: 오실로스코프, 전력분석기
A24: 20 | B24: 계통전압 급변 시험 | C24: 중결함 | D24: 과도전류 피크 / 정정시간 / 오동작 | E24: A / s / 양부 | F24: 양부 | J24: =IFERROR(IF($F24="이하",($G24-$H24)/$G24,IF($F24="이상",($H24-$G24)/$G24,"")),"") | K24: =IF($F24="양부",IF($I24="","",$I24),IF(OR($G24="",$H24=""),"",IF($F24="이하",IF($H24<=$G24,"합격","불합격"),IF($F24="이상",IF($H24>=$G24,"합격","불합격"),"")))) | L24: 8.5.1 최대·최소 전압으로 계단(1주기 이하), 10 s 유지 — 안정 운전 (8.6.2.1) | M24: 계통시뮬레이터 전압 스텝 | N24: 오실로스코프
A25: 21 | B25: 계통전압 위상 급변 시험 | C25: 중결함 | D25: 재동기 시간 / 과도전류 / 오동작 | E25: s / A / 양부 | F25: 양부 | J25: =IFERROR(IF($F25="이하",($G25-$H25)/$G25,IF($F25="이상",($H25-$G25)/$G25,"")),"") | K25: =IF($F25="양부",IF($I25="","",$I25),IF(OR($G25="",$H25=""),"",IF($F25="이하",IF($H25<=$G25,"합격","불합격"),IF($F25="이상",IF($H25>=$G25,"합격","불합격"),"")))) | L25: ±10° 안정 운전 / +120° 운전 계속 또는 안전 정지·무손상·자동 기동 (8.6.3.1) | M25: 위상 스텝(±, 크기별). 8번과 한 쌍으로 기록 | N25: 위상스텝 지원 AC소스, 오실로스코프
A26: 22 | B26: 출력측 단락 시험 | C26: 중결함 | D26: 단락전류 피크 / 보호동작시간 / 손상유무 | E26: A / ms / 양부 | F26: 양부 | J26: =IFERROR(IF($F26="이하",($G26-$H26)/$G26,IF($F26="이상",($H26-$G26)/$G26,"")),"") | K26: =IF($F26="양부",IF($I26="","",$I26),IF(OR($G26="",$H26=""),"",IF($F26="이하",IF($H26<=$G26,"합격","불합격"),IF($F26="이상",IF($H26>=$G26,"합격","불합격"),"")))) | L26: R_ASC ≥ 정격전류 10배 부하, 전원측 0.3 s 내 개방. 안전 정지·무손상 (8.7.1.2) | M26: 정격운전 중 출력단 저임피던스 단락 | N26: 고속 전류프로브, 오실로스코프 | O26: F1 차단용량 100 A 확인 필요
A27: 23 | B27: 계통전압 순간정전·강하 시험 | C27: 중결함 | D27: 운전유지 또는 복귀 여부 / 복귀시간 | E27: 양부 / s | F27: 양부 | J27: =IFERROR(IF($F27="이하",($G27-$H27)/$G27,IF($F27="이상",($H27-$G27)/$G27,"")),"") | K27: =IF($F27="양부",IF($I27="","",$I27),IF(OR($G27="",$H27=""),"",IF($F27="이하",IF($H27<=$G27,"합격","불합격"),IF($F27="이상",IF($H27>=$G27,"합격","불합격"),"")))) | L27: 0.3 s 정전(0 %)·강하(70 %), 투입위상 0/45/90° 각 2회. 안전 정지 또는 운전 계속, 정지 시 복전 5분 후 재개 (8.7.2.2) | M27: 강하깊이(%)×지속시간(ms) 조합별. 판정기준 확인 필요 | N27: sag 생성 계통시뮬레이터 | O27: LVRT(연계 유지) 요구 아님
A28: 24 | B28: 부하차단 시험 | C28: 중결함 | D28: 출력 과전압 피크 / 지속시간 / 손상 | E28: V / ms / 양부 | F28: 양부 | J28: =IFERROR(IF($F28="이하",($G28-$H28)/$G28,IF($F28="이상",($H28-$G28)/$G28,"")),"") | K28: =IF($F28="양부",IF($I28="","",$I28),IF(OR($G28="",$H28=""),"",IF($F28="이하",IF($H28<=$G28,"합격","불합격"),IF($F28="이상",IF($H28>=$G28,"합격","불합격"),"")))) | L28: 부하차단 검출하여 개폐기 개방 및 게이트 블록 동작 (8.7.3.2) | M28: 정격운전 중 부하 급차단 | N28: 오실로스코프
A29: 25 | B29: 계통전압 왜형률 내량 시험 | C29: 중결함 | D29: 운전유지 여부 / 출력전류 THD 변화 | E29: 양부 / % | F29: 양부 | J29: =IFERROR(IF($F29="이하",($G29-$H29)/$G29,IF($F29="이상",($H29-$G29)/$G29,"")),"") | K29: =IF($F29="양부",IF($I29="","",$I29),IF(OR($G29="",$H29=""),"",IF($F29="이하",IF($H29<=$G29,"합격","불합격"),IF($F29="이상",IF($H29>=$G29,"합격","불합격"),"")))) | L29: 종합 왜형률 8 % (3차 5 %, 5차 6 %) 중첩 — 안정 운전, 역률 0.95 이상 (8.8.1.2) | M29: 계통전압에 규정 THD 중첩(차수별 주입) | N29: 고조파 주입 AC소스, 전력분석기
A30: 26 | B30: 계통전압 불평형 시험 | C30: 중결함 | D30: 운전유지 여부 / 전류 불평형 | E30: 양부 / % | F30: 양부 | I30: 비적용 | J30: =IFERROR(IF($F30="이하",($G30-$H30)/$G30,IF($F30="이상",($H30-$G30)/$G30,"")),"") | K30: =IF($F30="양부",IF($I30="","",$I30),IF(OR($G30="",$H30=""),"",IF($F30="이하",IF($H30<=$G30,"합격","불합격"),IF($F30="이상",IF($H30>=$G30,"합격","불합격"),"")))) -> 비적용 | L30: 3상 4선식에만 적용 (8.8.2) — 단상 계통연계형 비적용 | M30: 3상 소스 상별 전압 차등. 단상 적용여부 확인 필요 | N30: 3상 프로그래머블 AC소스
A31: 27 | B31: 부하 불평형 시험 | C31: 중결함 | D31: 운전유지 여부 / 상별 전류배분 | E31: 양부 / % | F31: 양부 | I31: 비적용 | J31: =IFERROR(IF($F31="이하",($G31-$H31)/$G31,IF($F31="이상",($H31-$G31)/$G31,"")),"") | K31: =IF($F31="양부",IF($I31="","",$I31),IF(OR($G31="",$H31=""),"",IF($F31="이하",IF($H31<=$G31,"합격","불합격"),IF($F31="이상",IF($H31>=$G31,"합격","불합격"),"")))) -> 비적용 | L31: 3상 독립형에만 적용 (8.8.3), 표 2 계통연계형 × | M31: 상별 부하 불평형. 단상 적용여부 확인 필요 | N31: 3상 부하뱅크
A32: 28 | B32: 습도 시험 | C32: 치명결함 | D32: 시험 전/후 절연저항·동작·외관 | E32: MΩ / 양부 | F32: 양부 | J32: =IFERROR(IF($F32="이하",($G32-$H32)/$G32,IF($F32="이상",($H32-$G32)/$G32,"")),"") | K32: =IF($F32="양부",IF($I32="","",$I32),IF(OR($G32="",$H32=""),"",IF($F32="이하",IF($H32<=$G32,"합격","불합격"),IF($F32="이상",IF($H32>=$G32,"합격","불합격"),"")))) | L32: 실내용: 40±2 ℃, 92.5±2.5 %RH, 48 h → 2 h 회복 후 절연저항 1 MΩ 이상·내전압 1분 (8.9.1). 모듈 비부착형만 | M32: IEC 60068-2-78(Cab). 시험 전 초기값 측정 필수 | N32: 항온항습조, 절연저항계 | O32: V1 0.2 mm 간극이 최대 위험점
A33: 29 | B33: 온습도 사이클 시험 | C33: 치명결함 | D33: 사이클 전/후 절연저항·내전압·동작·외관 | E33: MΩ / 양부 | F33: 양부 | J33: =IFERROR(IF($F33="이하",($G33-$H33)/$G33,IF($F33="이상",($H33-$G33)/$G33,"")),"") | K33: =IF($F33="양부",IF($I33="","",$I33),IF(OR($G33="",$H33=""),"",IF($F33="이하",IF($H33<=$G33,"합격","불합격"),IF($F33="이상",IF($H33>=$G33,"합격","불합격"),"")))) | L33: 실외용: KS C IEC 60068-2-38, 24 h 사이클 5회 → 절연저항 1 MΩ 이상·내전압 1분 (8.9.2). 모듈 비부착형만 | M33: IEC 60068-2-30(Db). 시험 전 초기값 측정 필수 | N33: 항온항습조, 절연저항계, 내전압시험기 | O33: V1 0.2 mm 간극이 최대 위험점
A34: 30 | B34: 전자파 장해(EMI) | C34: 치명결함 | D34: 전도방출 / 방사방출 (한계선 대비 마진) | E34: dBμV, dBμV/m (dB) | F34: 양부 | J34: =IFERROR(IF($F34="이하",($G34-$H34)/$G34,IF($F34="이상",($H34-$G34)/$G34,"")),"") | K34: =IF($F34="양부",IF($I34="","",$I34),IF(OR($G34="",$H34=""),"",IF($F34="이하",IF($H34<=$G34,"합격","불합격"),IF($F34="이상",IF($H34>=$G34,"합격","불합격"),"")))) | L34: 주거·상업·경공업 KS C 9610-6-3 / 산업 9610-6-4 — 잡음 단자전압·전계강도 (8.10.1) | M34: CISPR 11 Group1 Class A/B 확정 필요. QP/AV. AC·DC 포트 | N34: EMI수신기(CISPR 16-1-1), LISN, 안테나, 무향실 | O34: 무선(ESP32)은 전파법 적합성평가 별도
A35: 31 | B35: 전자파 내성(EMS) | C35: 치명결함 | D35: 시험별 성능판정 (A/B/C) | E35: kV / V/m / V / A/m | F35: 양부 | J35: =IFERROR(IF($F35="이하",($G35-$H35)/$G35,IF($F35="이상",($H35-$G35)/$G35,"")),"") | K35: =IF($F35="양부",IF($I35="","",$I35),IF(OR($G35="",$H35=""),"",IF($F35="이하",IF($H35<=$G35,"합격","불합격"),IF($F35="이상",IF($H35>=$G35,"합격","불합격"),"")))) | L35: 주거·상업·경공업 KS C 9610-6-1 / 산업 9610-6-2, 직류 단자 제외 (8.10.2) | M35: 61000-4-2/-3/-4/-5/-6/-8/-11. 옥외설치라 서지(4-5) 중요 | N35: ESD건, RS/CS 시스템, EFT/서지 발생기

Sheet 효율측정
A1: 효율 시험 (검사항목 14) — 출력레벨별 효율 및 가중효율
A2: 노란 칸에 측정 효율(%)을 입력하면 EU·CEC 가중효율이 자동 계산됩니다.
A4: 출력레벨 | B4: EU 가중계수 | C4: CEC 가중계수 | D4: 측정효율 (%) | E4: EU 기여 | F4: CEC 기여
A5: 0.05 | B5: 0.03 | C5: 0 | E5: =IFERROR($B5*$D5,"") -> 0 | F5: =IFERROR($C5*$D5,"") -> 0
A6: 0.1 | B6: 0.06 | C6: 0.04 | E6: =IFERROR($B6*$D6,"") -> 0 | F6: =IFERROR($C6*$D6,"") -> 0
A7: 0.2 | B7: 0.13 | C7: 0.05 | E7: =IFERROR($B7*$D7,"") -> 0 | F7: =IFERROR($C7*$D7,"") -> 0
A8: 0.3 | B8: 0.1 | C8: 0.12 | E8: =IFERROR($B8*$D8,"") -> 0 | F8: =IFERROR($C8*$D8,"") -> 0
A9: 0.5 | B9: 0.48 | C9: 0.21 | E9: =IFERROR($B9*$D9,"") -> 0 | F9: =IFERROR($C9*$D9,"") -> 0
A10: 0.75 | B10: 0 | C10: 0.53 | E10: =IFERROR($B10*$D10,"") -> 0 | F10: =IFERROR($C10*$D10,"") -> 0
A11: 1 | B11: 0.2 | C11: 0.05 | E11: =IFERROR($B11*$D11,"") -> 0 | F11: =IFERROR($C11*$D11,"") -> 0
A12: 계수 합 | B12: =SUM(B5:B11) -> 1 | C12: =SUM(C5:C11) -> 1
A13: 가중효율 (%) | B13: =IF(COUNT(D5:D9,D11)<6,"",SUM(E5:E11)) | C13: =IF(COUNT(D6:D11)<6,"",SUM(F5:F11)) | D13: ← B열=EU 가중효율, C열=CEC 가중효율
A14: KS 판정 | B14: =IF(B13="","",IF(B13>=90,"합격 (≥90 %)","불합격 (<90 %)")) | C14: ← KS C 8560:2020 8.5.5.2 EURO 효율 90 % 이상 (독립형 85 %)
A16: 가중계수 출처 및 주의
A17: • KS C 8560:2020 8.5.5.2가 EU 가중식(EURO 효율)을 규정합니다 — B열(EU)이 판정값이며 C열(CEC)은 참고용입니다.
A18: • 판정 기준: 계통연계형 EURO 효율 90 % 이상, 독립형 85 % 이상. 측정점 5·10·20·30·50·100 % (75 %는 EU 식에 미사용).
A19: • EU는 50% 부하, CEC는 75% 부하에 가중치가 집중되므로 어느 식이냐에 따라 최적화 대상 구간이 달라집니다.
A20: • 측정 시 입력전압 레벨(V_mpp min / nom / max)별로 이 표를 각각 작성하십시오.
A21: • 전력분석기 기본확도가 0.05% 급이 아니면 합불 판정에 필요한 분해능이 나오지 않습니다.

Sheet 시험이력
A1: 시험 이력 — 측정 조건 기록
A2: 재현성 분쟁을 막으려면 아래 항목을 매 측정마다 남기십시오. 특히 FW 버전은 보호 정정치가 파라미터화되면 성적서 유효성을 좌우합니다.
A4: 시험일시 | B4: 시험자 | C4: 시료 S/N | D4: HW 리비전 | E4: FW 버전 | F4: 주위온도 (°C) | G4: 습도 (%RH) | H4: 시험 항목번호 | I4: 계측기 모델 | J4: 계측기 S/N | K4: 교정 유효일 | L4: 특이사항

Sheet 요약
A1: 판정 집계
A3: 결함구분 | B3: 항목 수 | C3: 합격 | D3: 불합격 | E3: 미측정 | F3: 비적용
A4: 치명결함 | B4: =COUNTIF(측정대장!$C$5:$C$35,$A4) -> 15 | C4: =COUNTIFS(측정대장!$C$5:$C$35,$A4,측정대장!$K$5:$K$35,"합격") -> 0 | D4: =COUNTIFS(측정대장!$C$5:$C$35,$A4,측정대장!$K$5:$K$35,"불합격") -> 0 | E4: =$B4-$C4-$D4-$F4 -> 15 | F4: =COUNTIFS(측정대장!$C$5:$C$35,$A4,측정대장!$K$5:$K$35,"비적용") -> 0
A5: 중결함 | B5: =COUNTIF(측정대장!$C$5:$C$35,$A5) -> 15 | C5: =COUNTIFS(측정대장!$C$5:$C$35,$A5,측정대장!$K$5:$K$35,"합격") -> 0 | D5: =COUNTIFS(측정대장!$C$5:$C$35,$A5,측정대장!$K$5:$K$35,"불합격") -> 0 | E5: =$B5-$C5-$D5-$F5 -> 13 | F5: =COUNTIFS(측정대장!$C$5:$C$35,$A5,측정대장!$K$5:$K$35,"비적용") -> 2
A6: 경결함 | B6: =COUNTIF(측정대장!$C$5:$C$35,$A6) -> 1 | C6: =COUNTIFS(측정대장!$C$5:$C$35,$A6,측정대장!$K$5:$K$35,"합격") -> 0 | D6: =COUNTIFS(측정대장!$C$5:$C$35,$A6,측정대장!$K$5:$K$35,"불합격") -> 0 | E6: =$B6-$C6-$D6-$F6 -> 1 | F6: =COUNTIFS(측정대장!$C$5:$C$35,$A6,측정대장!$K$5:$K$35,"비적용") -> 0
A8: 판정 결과
A9: =IF(D4>0,"불합격 — 치명결함 발생",IF(E4+E5+E6>0,"미완료 — 미측정 항목 있음",IF(D5+D6>0,"중·경결함 발생 — 합부판정 기준 확인 필요","전 항목 합격"))) -> 미완료 — 미측정 항목 있음
A11: ※ 치명결함은 통상 1건으로 불합격입니다. 중·경결함 허용 개수는 심사기준 본문의 합부판정 조항을 확인해 이 시트에 반영하십시오.
